{"cameraMode":{"drawMode":0,"name":"Shaded","section":"Shading Mode"},"sceneLighting":false,"audioPlay":false,"sceneViewState":{"showFog":true,"showMaterialUpdate":false,"showSkybox":false,"showFlares":true,"showImageEffects":true,"showParticleSystems":true},"in2DMode":false,"pivot":{"x":0.5719650983810425,"y":0.5826400518417358,"z":0.8923164010047913},"rotation":{"x":0.10998082160949707,"y":-0.5267755389213562,"z":-0.06898482143878937,"w":-0.8400576710700989},"size":0.9427195191383362,"orthographic":false}