{"cameraMode":{"drawMode":0,"name":"Shaded","section":"Shading Mode"},"sceneLighting":true,"audioPlay":false,"sceneViewState":{"showFog":true,"showMaterialUpdate":false,"showSkybox":true,"showFlares":true,"showImageEffects":true,"showParticleSystems":true},"in2DMode":false,"pivot":{"x":8.412836074829102,"y":1.7039999961853028,"z":0.01871812343597412},"rotation":{"x":0.08222151547670365,"y":-0.7366341352462769,"z":0.09106463193893433,"w":0.6650822162628174},"size":1.9000002145767213,"orthographic":false}

