{"cameraMode":{"drawMode":0,"name":"Shaded","section":"Shading Mode"},"sceneLighting":true,"audioPlay":false,"sceneViewState":{"showFog":true,"showMaterialUpdate":false,"showSkybox":true,"showFlares":true,"showImageEffects":true,"showParticleSystems":true},"in2DMode":false,"pivot":{"x":469.6584167480469,"y":-21.002351760864259,"z":389.7113342285156},"rotation":{"x":0.1376449316740036,"y":0.4735886752605438,"z":-0.07521132379770279,"w":0.8666898012161255},"size":43.569427490234378,"orthographic":false}