{"cameraMode":{"drawMode":0,"name":"Shaded","section":"Shading Mode"},"sceneLighting":true,"audioPlay":false,"sceneViewState":{"showFog":true,"showMaterialUpdate":false,"showSkybox":true,"showFlares":true,"showImageEffects":true,"showParticleSystems":true},"in2DMode":false,"pivot":{"x":400.1956481933594,"y":2.0082216262817385,"z":410.78173828125},"rotation":{"x":-0.45279958844184878,"y":-0.530730128288269,"z":0.40810108184814455,"w":-0.5888916850090027},"size":6.607396125793457,"orthographic":false}